Workbook

Sheet Instrucoes
A1: Protocolo de validação humana dos macro-tópicos
A2: Objetivo | B2: Verificar se os rótulos interpretativos dos 10 macro-tópicos representam adequadamente as palavras representativas do corte conceitual 0,90 e as estrofes amostradas.
A3: Avaliadores | B3: Use 6 anotadores independentes. Não conte a autora como anotadora. No artigo, identifique-os apenas por perfil/código, não por nome.
A4: Independência | B4: Os anotadores devem preencher a avaliação separadamente, sem conversar entre si sobre os itens antes de finalizar.
A5: Material por item | B5: Cada item mostra: ID do macro-tópico, rótulo proposto, palavras representativas do corte conceitual 0,90 e 5 estrofes amostradas do agrupamento.
A6: Escala 1-5 | B6: 1 = não representa; 2 = representa pouco; 3 = representa parcialmente; 4 = representa bem; 5 = representa muito bem.
A7: Critério por macro-tópico | B7: Rótulo validado se média >= 4,0 e pelo menos 4 dos 6 anotadores derem nota >= 4.

Sheet Itens_base
A1: Macro_ID | B1: Rótulo proposto | C1: Palavras representativas | D1: Tópicos originais | E1: Amostras de estrofes
A2: 0 | B2: Paixão, sofrimento amoroso e término | C2: amo, amar, paixão, tempo, tudo, sei amo | D2: 0, 4, 6, 9, 13, 15, 19 | E2: 1) Um amor de verdade não tem despedida Volta pra minha vida Deixa esse medo e venha o que vier Eu não vou desgrudar de você [Volta Pra Minha Vida — Jorge & Mateus (2010)] 2) Eu vou curar essa dor E encontrar um novo amor Em um caminho sem rumo Vou levando a vida Em um caminho sem rumo Vou levando a vida [Vestígios — Jorge & Mateus (2010)] 3) Um dia a gente se encontra E nada de chorar Mesmo sem você eu vou ser feliz Com outra pessoa vai me encontrar Vivendo aquele grande amor Que você nunca quis [Um Dia a Gente Se Encontra (part. João Bosco e Vinicius) — Marcos & Belutti (2011)] 4) Só o silencio ficou entre nós A indiferença calou nossa voz O nosso amor foi ficando esquecido Só a tristeza sorriu pra nós dois A felicidade ficou pra depois Pena que tudo foi tempo perdido [Tempo Perdido — Zezé Di Camargo & Luciano (2006)] 5) Um beijo fala mais que mil palavras Um toque é bem mais que poesia No seu olhar enxergo a sua alma Sua fala é uma linda melodia Ninguém sabe explicar o que é o amor Ninguém vai ser feliz sem ser amado Meu coração de vez se entregou Confesso que eu estou apaixonado [Um Beijo — Luan Santana (2011)]
A3: 1 | B3: Corpo, desejo e afeto | C3: corpo, acordar, dose, sinto, choro, dormir | D3: 1, 2, 8, 21 | E3: 1) Os nossos corpos se completam mesmo estando longe Em pensamento eu vou te buscar Dá calafrio, um arrepio ao lembrar seu cheiro Pela porta do quarto entrar [Calafrio — Henrique & Juliano (2014)] 2) E nas curvas do seu corpo Invadir a contramão Dar de frente com seu peito SOS coração [Contramão — Gustavo Mioto (2017)] 3) Tenho, às vezes, que pedir um beijo Controlar os meus desejos Esperar por um abraço Pra curar o meu cansaço E um carinho no meu rosto Nem sei quanto tempo faz [Você Mudou Demais — Marília Mendonça (2025)] 4) Os dez mandamentos do amor Para conquistar uma mulher Tem que ter carinho, tem que ter jeitinho Tem que dar aquilo que ela quer [Os 10 Mandamentos do Amor — Eduardo Costa (2013)] 5) Botei a melhor roupa pra esconder os meus defeitos Exagerei no perfume pra te impressionar Cheguei mais cedo pra te ver chegar [Atrasadinha (part. Ferrugem) — Felipe Araújo (2019)]
A4: 2 | B4: Imagens poéticas de natureza, tempo e céu | C4: lua, sol, céu, estrelas, sonhar, voar | D4: 3, 22, 32, 37 | E4: 1) Até mesmo as sete ondas E os fogos no céu Sabia o que eu ia pedir pro Papai Noel Era você, eh, eh, iêh, eh, eh, iêh, iêh, iêh [1° de Janeiro — Nilson Neto (2024)] 2) O tempo passa depressa quando estou com você As horas viram minutos, não consigo entender E o que eu mais quero é viver ao seu lado Cada segundo, amor [60 Segundos — Gusttavo Lima (2011)] 3) Percebo que o tempo já não passa Você diz que não tem graça amar assim Foi tudo tão bonito, mas voou pro infinito Parecido com borboletas de um jardim [Borboletas — Victor & Leo (2008)] 4) E quando a chuva não batia na minha janela Não podia dormir, te esperava, buscava Teu corpo, teu cheiro sumiu em um mar de dor [Agora (Ahora) — Bruno & Marrone (2014)] 5) Vamos fazer desse lugar, nosso céu particular Deixa o povo perguntar onde será que a gente tá Vamos fazer desse lugar, nosso céu particular Porque o melhor lugar é onde você está [Céu Particular — Henrique & Juliano (2014)]
A5: 3 | B5: Reconciliação, volta e incerteza afetiva | C5: volta, será, povo, ninguém, outro, será rolar | D5: 10, 11, 29, 31 | E5: 1) Não dá mais Não dá pra enganar ou querer fugir Não dá mais Se esse sentimento vai crescendo em mim Mas tenho que encarar essa decisão De me confessar e abrir meu coração [Aqui É o Seu Lugar — Luan Santana (2009)] 2) Mas decidi que assim não dá Que é contigo o meu lugar Me perdoa por favor [Coração Bandido (part. Maiara & Maraisa) — Marília Mendonça (2020)] 3) Eu não sei dizer se este amor Vai voltar a ser o que já foi Não sei se depois que amanhecer Nós vamos saber o que fazer Se vai me julgar mais uma vez Não pergunte coisas que eu não sei Coisas que eu não sei [Já Não Sei Mais Nada (Yo No Se Mañana) — Bruno & Marrone (2011)] 4) Será que vai rolar da gente ficar? Será, será? Eu quero é tentar Será que vai rolar da gente ficar? Será, será? Eu quero é tentar [Será Que Vai Rolar? — Marcos & Belutti (2010)] 5) Melhor não dizer nada Enquanto pensa No que vai fazer da vida Pode ser que você pegue Um caminho sem saída E não tenha outro jeito A não ser voltar pra mim [Pedras — Zezé Di Camargo (2022)]
A6: 4 | B6: Espiritualidade, cuidado e proteção | C6: deus, coloca, senhor, cuidado, pé, chão | D6: 5, 25 | E6: 1) Pai, eu sei, o tempo é implacável Afasta os nossos corpos, mas aproxima o coração O seu nome é sempre lembrado Com um verso, eu falo de você sempre na oração [11 Vidas — Lucas Lucco (2014)] 2) De olho aberto ou fechado, eu só vejo você Sua missão no mundo deve ser me proteger Cê é tipo um anjo moderno de roupa e sem asas Que fez desse meu coração, seu céu, sua casa [Anjo Moderno — Jorge & Mateus (2018)] 3) Deus criou pra cada um seu próprio dom Junto com cada talento uma missão Pra uns a força, astúcia, a fama e o poder Pra outros deu a inquietude do saber [Criação Divina (part. Paula Fernandes) — Zezé Di Camargo & Luciano (2012)] 4) Eu vou subir, eu vou subir Quem vai subir, quem vai subir Jesus já vai voltar esse povo vai levar E lá na Glória Santo santo nós vamos cantar [Dependente — Alisson Santos (2019)] 5) Quem vai me acalmar, me suportar E adoçar meus beijos Você que é meu anjo Só você que é meu anjo protetor [Anjo Protetor — Eduardo Costa (2012)]
A7: 5 | B7: Jogos afetivos e disputa amorosa | C7: fora, jogo, jogado, jogando, fogo, lance | D7: 7, 35 | E7: 1) Cansei de esperar na janela de casa Me enchi do seu jogo agora vou me virar Não quero mais lágrimas na minha vida [A Fila Andou — Maria Cecília e Rodolfo (2008)] 2) Tô aqui jogado fora Ela não quer mais me ver Vacilei, pisei na bola E ela me deu o fora Tô perdido sem você [Aceita Que Dói Menos (part. Marília Mendonça) — Trio Parada Dura (2017)] 3) Amiga não tô dando fora no seu coração Mas nós estamos misturando amizade e paixão Amizade e paixão [Amiga Linda — João Bosco & Vinícius (2015)] 4) Eu já perdi o jogo, já perdi o norte Sei que no amor também não tô com sorte Tô roendo o toco, tô rindo pra não chorar Essa indiferença, paixão dividida Agora cada um segue a sua vida De hoje em diante é eu pra cá, você pra lá [Castigo — Jorge & Mateus (2007)] 5) Pode brincar Eu te conheço, sei jogar teu jogo Sei que você vai se queimar Sei que não aguenta fogo e vai quebrar a cara Quando me ver escapando entre seus dedos Ou dividindo os meus segredos com outra pessoa Hoje eu acordei gostando mais de mim Vou cair fora numa boa [O Mundo É Tão Pequeno — Jorge & Mateus (2009)]
A8: 6 | B8: Comunicação, recaída e recomeço | C8: celular, internet, mensagem, fila anda, lento, fila | D8: 12, 28 | E8: 1) Tá me achando com cara de bobo? Por que tá me ligando de novo? Dessa vez eu só tô te atendendo pra dizer Que ontem foi a nossa última vez [Abre o Portão Que Eu Cheguei — Gusttavo Lima (2016)] 2) A tela fria desse celular, só ver sua foto não vai me esquentar Amar você de longe é tão ruim Te quero ao vivo e a cores aqui, aqui [Ao Vivo E A Cores (part. Anitta) — Matheus & Kauan (2018)] 3) Oh, baby, me atende Ai que vontade de tacar meu celular na parede, ai que vontade Oh, baby, me atende Ai que vontade de jogar meu celular na parede [Baby Me Atende (part. Dilsinho) — Matheus Fernandes (2021)] 4) Parece que cê sente cheiro de bebida de longe Sabe que eu tô fraco Aí que entra seu nome na tela do celular Me perguntando: Aonde você tá? [Arranhão — Henrique & Juliano (2021)] 5) Eu vou trocar meu celular num Nokia tijolão Que só manda mensagem e faz ligação Se eu ver mais um vídeo seu, sem eu, sendo feliz Certeza que a minha vida vai tá por um triz Me mata não! Essa internet virou arma na sua mão [Tijolão — Jorge & Mateus (2020)]
A9: 7 | B9: Bar, cabaré e sociabilidade | C9: bar, família, enquanto, virou, sai, homem | D9: 18, 24 | E9: 1) Hoje ela frequenta O bar da faculdade Balada sertaneja E os pubs da cidade [A Bela e o Fera — Munhoz & Mariano (2011)] 2) Marca com outro Um barzinho na sexta, um motel no domingo Mas aguenta os déjà-vu comigo Sua vida vai ser isso aí Enquanto não admitir que [DEJA VU (part. Ana Castela) — Luan Santana (2023)] 3) E quem me viu, se visse hoje não acreditaria Deixei o bar, agora é só sorveteria Só eu e ela quem diria Que o cachaceiro virou homem de família [Homem de Família — Gusttavo Lima (2016)] 4) Você achou que eu ia sofrer Mas eu tinha meu plano B Sabe de nada, a minha agenda tava disfarçada Lugar de homem era mulher Restaurante era cabaré Sabe de nada, foi enganada [Vai Vendo — Lucas Lucco (2015)] 5) Por causa de uma falsa amiga Deixou uma boa vida, pra morar no cabaré Passando de mão em mão, se vendendo por tostão Pra ficar com quem quiser [Mulher da Blusa Amarela — Amado Edílson (2009)]
A10: 8 | B10: Ex-relacionamento, curtição e superação | C10: ex, acabou, ser ex, valorizando, engole, acabou amor | D10: 16, 30 | E10: 1) Você se lembra quando me pediu pra ir embora Dizendo que só queria curtir a vida agora Que cansou de namorar Que o negócio era festar [Ai Que Dó — Thaeme e Thiago (2011)] 2) Acabou, acabou, ooh Deixa eu seguir minha vida e segue a sua com outro Amizade com ex é desculpa de quem amou pouco, ooh [Amigo Da Minha Saudade — Henrique & Juliano (2025)] 3) Prazer, eu sou a ex do seu atual Não me leve a mal Cê tá num beco sem saída Ele vai ferrar com a sua vida [Ex do Seu Atual — Naiara Azevedo (2016)] 4) E conta pra ele o que você fez Que uma mulher foda virou sua ex Quis ser o bichão, agora engole calado Outro valorizando o que era pra você ter valorizado [Mulher Foda — Simone Mendes (2024)] 5) Mudei os meus conceitos, me valorizei Saí pra balada, eu me libertei Dei a volta por cima e hoje eu te mostrei Minha nova namorada [Nova Namorada — Marcos & Belutti (2011)]
A11: 9 | B11: Perda, decisão e mudança de vida | C11: perdeu, dar, primeiro gente, saber acontecer, fugida, jeito | D11: 20, 33 | E11: 1) Eu me perdi tentando acertar E sem saida comecei andar Por uma selva de perigos Não consegui escapar Eu precisava de uma bússola [A Bússola — Luan Santana (2011)] 2) Tirei o seu perfume da memória Botei ponto final na nossa história Eu já chorei, eu já sofri mas te esqueci Preciso ser feliz [A Fila Andou — Maria Cecília e Rodolfo (2008)] 3) Quando me perdi, você apareceu Me fazendo rir, do que aconteceu E de medo olhei tudo ao meu redor Só assim enxerguei que agora estou melhor [Esperando Na Janela — César Menotti & Fabiano (2005)] 4) E eu já decidi que hoje eu vou sair Sem preocupar eu vou me divertir Já que agora eu não preciso me explicar E com certeza você vai ouvir falar [Lei do Desapego — Thiago Brava (2012)] 5) Não vou poder matar sua saudade mais Meu hoje me impede de voltar atrás Você foi uma fase boa, mas passou Você quer o que eu era, e aquele eu mudou Meus filhos tão dormindo aqui Imagina essa imagem Eu te desejo isso, mas com outro personagem Não me manda mais mensagem [Outro Personagem — Henrique & Juliano (2025)]

Sheet Anotador_1
A1: Validação dos macro-tópicos - Anotador 1
A2: Instrução | B2: Para cada macro-tópico, leia o rótulo, as palavras e as 5 estrofes. Preencha apenas as colunas Nota 1-5, Sugestão de rótulo e Comentários. Não discuta suas respostas com outros anotadores antes de finalizar.
A4: Macro_ID | B4: Rótulo proposto | C4: Palavras representativas | D4: Amostras de estrofes | E4: Nota 1-5 | F4: Sugestão de rótulo | G4: Comentários
A5: 0 | B5: Paixão, sofrimento amoroso e término | C5: amo, amar, paixão, tempo, tudo, sei amo | D5: 1) Um amor de verdade não tem despedida Volta pra minha vida Deixa esse medo e venha o que vier Eu não vou desgrudar de você [Volta Pra Minha Vida — Jorge & Mateus (2010)] 2) Eu vou curar essa dor E encontrar um novo amor Em um caminho sem rumo Vou levando a vida Em um caminho sem rumo Vou levando a vida [Vestígios — Jorge & Mateus (2010)] 3) Um dia a gente se encontra E nada de chorar Mesmo sem você eu vou ser feliz Com outra pessoa vai me encontrar Vivendo aquele grande amor Que você nunca quis [Um Dia a Gente Se Encontra (part. João Bosco e Vinicius) — Marcos & Belutti (2011)] 4) Só o silencio ficou entre nós A indiferença calou nossa voz O nosso amor foi ficando esquecido Só a tristeza sorriu pra nós dois A felicidade ficou pra depois Pena que tudo foi tempo perdido [Tempo Perdido — Zezé Di Camargo & Luciano (2006)] 5) Um beijo fala mais que mil palavras Um toque é bem mais que poesia No seu olhar enxergo a sua alma Sua fala é uma linda melodia Ninguém sabe explicar o que é o amor Ninguém vai ser feliz sem ser amado Meu coração de vez se entregou Confesso que eu estou apaixonado [Um Beijo — Luan Santana (2011)] | E5: 5
A6: 1 | B6: Corpo, desejo e afeto | C6: corpo, acordar, dose, sinto, choro, dormir | D6: 1) Os nossos corpos se completam mesmo estando longe Em pensamento eu vou te buscar Dá calafrio, um arrepio ao lembrar seu cheiro Pela porta do quarto entrar [Calafrio — Henrique & Juliano (2014)] 2) E nas curvas do seu corpo Invadir a contramão Dar de frente com seu peito SOS coração [Contramão — Gustavo Mioto (2017)] 3) Tenho, às vezes, que pedir um beijo Controlar os meus desejos Esperar por um abraço Pra curar o meu cansaço E um carinho no meu rosto Nem sei quanto tempo faz [Você Mudou Demais — Marília Mendonça (2025)] 4) Os dez mandamentos do amor Para conquistar uma mulher Tem que ter carinho, tem que ter jeitinho Tem que dar aquilo que ela quer [Os 10 Mandamentos do Amor — Eduardo Costa (2013)] 5) Botei a melhor roupa pra esconder os meus defeitos Exagerei no perfume pra te impressionar Cheguei mais cedo pra te ver chegar [Atrasadinha (part. Ferrugem) — Felipe Araújo (2019)] | E6: 5
A7: 2 | B7: Imagens poéticas de natureza, tempo e céu | C7: lua, sol, céu, estrelas, sonhar, voar | D7: 1) Até mesmo as sete ondas E os fogos no céu Sabia o que eu ia pedir pro Papai Noel Era você, eh, eh, iêh, eh, eh, iêh, iêh, iêh [1° de Janeiro — Nilson Neto (2024)] 2) O tempo passa depressa quando estou com você As horas viram minutos, não consigo entender E o que eu mais quero é viver ao seu lado Cada segundo, amor [60 Segundos — Gusttavo Lima (2011)] 3) Percebo que o tempo já não passa Você diz que não tem graça amar assim Foi tudo tão bonito, mas voou pro infinito Parecido com borboletas de um jardim [Borboletas — Victor & Leo (2008)] 4) E quando a chuva não batia na minha janela Não podia dormir, te esperava, buscava Teu corpo, teu cheiro sumiu em um mar de dor [Agora (Ahora) — Bruno & Marrone (2014)] 5) Vamos fazer desse lugar, nosso céu particular Deixa o povo perguntar onde será que a gente tá Vamos fazer desse lugar, nosso céu particular Porque o melhor lugar é onde você está [Céu Particular — Henrique & Juliano (2014)] | E7: 4
A8: 3 | B8: Reconciliação, volta e incerteza afetiva | C8: volta, será, povo, ninguém, outro, será rolar | D8: 1) Não dá mais Não dá pra enganar ou querer fugir Não dá mais Se esse sentimento vai crescendo em mim Mas tenho que encarar essa decisão De me confessar e abrir meu coração [Aqui É o Seu Lugar — Luan Santana (2009)] 2) Mas decidi que assim não dá Que é contigo o meu lugar Me perdoa por favor [Coração Bandido (part. Maiara & Maraisa) — Marília Mendonça (2020)] 3) Eu não sei dizer se este amor Vai voltar a ser o que já foi Não sei se depois que amanhecer Nós vamos saber o que fazer Se vai me julgar mais uma vez Não pergunte coisas que eu não sei Coisas que eu não sei [Já Não Sei Mais Nada (Yo No Se Mañana) — Bruno & Marrone (2011)] 4) Será que vai rolar da gente ficar? Será, será? Eu quero é tentar Será que vai rolar da gente ficar? Será, será? Eu quero é tentar [Será Que Vai Rolar? — Marcos & Belutti (2010)] 5) Melhor não dizer nada Enquanto pensa No que vai fazer da vida Pode ser que você pegue Um caminho sem saída E não tenha outro jeito A não ser voltar pra mim [Pedras — Zezé Di Camargo (2022)] | E8: 4
A9: 4 | B9: Espiritualidade, cuidado e proteção | C9: deus, coloca, senhor, cuidado, pé, chão | D9: 1) Pai, eu sei, o tempo é implacável Afasta os nossos corpos, mas aproxima o coração O seu nome é sempre lembrado Com um verso, eu falo de você sempre na oração [11 Vidas — Lucas Lucco (2014)] 2) De olho aberto ou fechado, eu só vejo você Sua missão no mundo deve ser me proteger Cê é tipo um anjo moderno de roupa e sem asas Que fez desse meu coração, seu céu, sua casa [Anjo Moderno — Jorge & Mateus (2018)] 3) Deus criou pra cada um seu próprio dom Junto com cada talento uma missão Pra uns a força, astúcia, a fama e o poder Pra outros deu a inquietude do saber [Criação Divina (part. Paula Fernandes) — Zezé Di Camargo & Luciano (2012)] 4) Eu vou subir, eu vou subir Quem vai subir, quem vai subir Jesus já vai voltar esse povo vai levar E lá na Glória Santo santo nós vamos cantar [Dependente — Alisson Santos (2019)] 5) Quem vai me acalmar, me suportar E adoçar meus beijos Você que é meu anjo Só você que é meu anjo protetor [Anjo Protetor — Eduardo Costa (2012)] | E9: 5
A10: 5 | B10: Jogos afetivos e disputa amorosa | C10: fora, jogo, jogado, jogando, fogo, lance | D10: 1) Cansei de esperar na janela de casa Me enchi do seu jogo agora vou me virar Não quero mais lágrimas na minha vida [A Fila Andou — Maria Cecília e Rodolfo (2008)] 2) Tô aqui jogado fora Ela não quer mais me ver Vacilei, pisei na bola E ela me deu o fora Tô perdido sem você [Aceita Que Dói Menos (part. Marília Mendonça) — Trio Parada Dura (2017)] 3) Amiga não tô dando fora no seu coração Mas nós estamos misturando amizade e paixão Amizade e paixão [Amiga Linda — João Bosco & Vinícius (2015)] 4) Eu já perdi o jogo, já perdi o norte Sei que no amor também não tô com sorte Tô roendo o toco, tô rindo pra não chorar Essa indiferença, paixão dividida Agora cada um segue a sua vida De hoje em diante é eu pra cá, você pra lá [Castigo — Jorge & Mateus (2007)] 5) Pode brincar Eu te conheço, sei jogar teu jogo Sei que você vai se queimar Sei que não aguenta fogo e vai quebrar a cara Quando me ver escapando entre seus dedos Ou dividindo os meus segredos com outra pessoa Hoje eu acordei gostando mais de mim Vou cair fora numa boa [O Mundo É Tão Pequeno — Jorge & Mateus (2009)] | E10: 5
A11: 6 | B11: Comunicação, recaída e recomeço | C11: celular, internet, mensagem, fila anda, lento, fila | D11: 1) Tá me achando com cara de bobo? Por que tá me ligando de novo? Dessa vez eu só tô te atendendo pra dizer Que ontem foi a nossa última vez [Abre o Portão Que Eu Cheguei — Gusttavo Lima (2016)] 2) A tela fria desse celular, só ver sua foto não vai me esquentar Amar você de longe é tão ruim Te quero ao vivo e a cores aqui, aqui [Ao Vivo E A Cores (part. Anitta) — Matheus & Kauan (2018)] 3) Oh, baby, me atende Ai que vontade de tacar meu celular na parede, ai que vontade Oh, baby, me atende Ai que vontade de jogar meu celular na parede [Baby Me Atende (part. Dilsinho) — Matheus Fernandes (2021)] 4) Parece que cê sente cheiro de bebida de longe Sabe que eu tô fraco Aí que entra seu nome na tela do celular Me perguntando: Aonde você tá? [Arranhão — Henrique & Juliano (2021)] 5) Eu vou trocar meu celular num Nokia tijolão Que só manda mensagem e faz ligação Se eu ver mais um vídeo seu, sem eu, sendo feliz Certeza que a minha vida vai tá por um triz Me mata não! Essa internet virou arma na sua mão [Tijolão — Jorge & Mateus (2020)] | E11: 5
A12: 7 | B12: Bar, família e sociabilidade | C12: bar, família, enquanto, virou, sai, homem | D12: 1) Hoje ela frequenta O bar da faculdade Balada sertaneja E os pubs da cidade [A Bela e o Fera — Munhoz & Mariano (2011)] 2) Marca com outro Um barzinho na sexta, um motel no domingo Mas aguenta os déjà-vu comigo Sua vida vai ser isso aí Enquanto não admitir que [DEJA VU (part. Ana Castela) — Luan Santana (2023)] 3) E quem me viu, se visse hoje não acreditaria Deixei o bar, agora é só sorveteria Só eu e ela quem diria Que o cachaceiro virou homem de família [Homem de Família — Gusttavo Lima (2016)] 4) Você achou que eu ia sofrer Mas eu tinha meu plano B Sabe de nada, a minha agenda tava disfarçada Lugar de homem era mulher Restaurante era cabaré Sabe de nada, foi enganada [Vai Vendo — Lucas Lucco (2015)] 5) Por causa de uma falsa amiga Deixou uma boa vida, pra morar no cabaré Passando de mão em mão, se vendendo por tostão Pra ficar com quem quiser [Mulher da Blusa Amarela — Amado Edílson (2009)] | E12: 5
A13: 8 | B13: Ex-relacionamento, curtição e superação | C13: ex, acabou, ser ex, valorizando, engole, acabou amor | D13: 1) Você se lembra quando me pediu pra ir embora Dizendo que só queria curtir a vida agora Que cansou de namorar Que o negócio era festar [Ai Que Dó — Thaeme e Thiago (2011)] 2) Acabou, acabou, ooh Deixa eu seguir minha vida e segue a sua com outro Amizade com ex é desculpa de quem amou pouco, ooh [Amigo Da Minha Saudade — Henrique & Juliano (2025)] 3) Prazer, eu sou a ex do seu atual Não me leve a mal Cê tá num beco sem saída Ele vai ferrar com a sua vida [Ex do Seu Atual — Naiara Azevedo (2016)] 4) E conta pra ele o que você fez Que uma mulher foda virou sua ex Quis ser o bichão, agora engole calado Outro valorizando o que era pra você ter valorizado [Mulher Foda — Simone Mendes (2024)] 5) Mudei os meus conceitos, me valorizei Saí pra balada, eu me libertei Dei a volta por cima e hoje eu te mostrei Minha nova namorada [Nova Namorada — Marcos & Belutti (2011)] | E13: 5
A14: 9 | B14: Perda, decisão e mudança de vida | C14: perdeu, dar, primeiro gente, saber acontecer, fugida, jeito | D14: 1) Eu me perdi tentando acertar E sem saida comecei andar Por uma selva de perigos Não consegui escapar Eu precisava de uma bússola [A Bússola — Luan Santana (2011)] 2) Tirei o seu perfume da memória Botei ponto final na nossa história Eu já chorei, eu já sofri mas te esqueci Preciso ser feliz [A Fila Andou — Maria Cecília e Rodolfo (2008)] 3) Quando me perdi, você apareceu Me fazendo rir, do que aconteceu E de medo olhei tudo ao meu redor Só assim enxerguei que agora estou melhor [Esperando Na Janela — César Menotti & Fabiano (2005)] 4) E eu já decidi que hoje eu vou sair Sem preocupar eu vou me divertir Já que agora eu não preciso me explicar E com certeza você vai ouvir falar [Lei do Desapego — Thiago Brava (2012)] 5) Não vou poder matar sua saudade mais Meu hoje me impede de voltar atrás Você foi uma fase boa, mas passou Você quer o que eu era, e aquele eu mudou Meus filhos tão dormindo aqui Imagina essa imagem Eu te desejo isso, mas com outro personagem Não me manda mais mensagem [Outro Personagem — Henrique & Juliano (2025)] | E14: 5

Sheet Anotador_2
A1: Validação dos macro-tópicos - Anotador 2
A2: Instrução | B2: Para cada macro-tópico, leia o rótulo, as palavras e as 5 estrofes. Preencha apenas as colunas Nota 1-5, Sugestão de rótulo e Comentários. Não discuta suas respostas com outros anotadores antes de finalizar.
A4: Macro_ID | B4: Rótulo proposto | C4: Palavras representativas | D4: Amostras de estrofes | E4: Nota 1-5 | F4: Sugestão de rótulo | G4: Comentários
A5: 0 | B5: Paixão, sofrimento amoroso e término | C5: amo, amar, paixão, tempo, tudo, sei amo | D5: 1) Um amor de verdade não tem despedida Volta pra minha vida Deixa esse medo e venha o que vier Eu não vou desgrudar de você [Volta Pra Minha Vida — Jorge & Mateus (2010)] 2) Eu vou curar essa dor E encontrar um novo amor Em um caminho sem rumo Vou levando a vida Em um caminho sem rumo Vou levando a vida [Vestígios — Jorge & Mateus (2010)] 3) Um dia a gente se encontra E nada de chorar Mesmo sem você eu vou ser feliz Com outra pessoa vai me encontrar Vivendo aquele grande amor Que você nunca quis [Um Dia a Gente Se Encontra (part. João Bosco e Vinicius) — Marcos & Belutti (2011)] 4) Só o silencio ficou entre nós A indiferença calou nossa voz O nosso amor foi ficando esquecido Só a tristeza sorriu pra nós dois A felicidade ficou pra depois Pena que tudo foi tempo perdido [Tempo Perdido — Zezé Di Camargo & Luciano (2006)] 5) Um beijo fala mais que mil palavras Um toque é bem mais que poesia No seu olhar enxergo a sua alma Sua fala é uma linda melodia Ninguém sabe explicar o que é o amor Ninguém vai ser feliz sem ser amado Meu coração de vez se entregou Confesso que eu estou apaixonado [Um Beijo — Luan Santana (2011)] | E5: 5 | G5: Sou pouco criativo pra sugerir rótulos, só me chamou atenção esse rótulo 0 com o 3. Não sei como tu vai modelar essa busca, mas notei que no 3 tu usa volta e outro como palavras representativas e essas duas aparecem aqui na amostra 1)"Volta" e 3)"outra". Imagino que tu vá considerar trechos que tenham mais que uma palavra chave pra classificar, mas fica o comentário. Preenchendo aqui fiquei com dúvida se teu foco é analisar/encontrar trechos das músicas ou rotular o contexto geral da música como um todo.
A6: 1 | B6: Corpo, desejo e afeto | C6: corpo, acordar, dose, sinto, choro, dormir | D6: 1) Os nossos corpos se completam mesmo estando longe Em pensamento eu vou te buscar Dá calafrio, um arrepio ao lembrar seu cheiro Pela porta do quarto entrar [Calafrio — Henrique & Juliano (2014)] 2) E nas curvas do seu corpo Invadir a contramão Dar de frente com seu peito SOS coração [Contramão — Gustavo Mioto (2017)] 3) Tenho, às vezes, que pedir um beijo Controlar os meus desejos Esperar por um abraço Pra curar o meu cansaço E um carinho no meu rosto Nem sei quanto tempo faz [Você Mudou Demais — Marília Mendonça (2025)] 4) Os dez mandamentos do amor Para conquistar uma mulher Tem que ter carinho, tem que ter jeitinho Tem que dar aquilo que ela quer [Os 10 Mandamentos do Amor — Eduardo Costa (2013)] 5) Botei a melhor roupa pra esconder os meus defeitos Exagerei no perfume pra te impressionar Cheguei mais cedo pra te ver chegar [Atrasadinha (part. Ferrugem) — Felipe Araújo (2019)] | E6: 5
A7: 2 | B7: Imagens poéticas de natureza, tempo e céu | C7: lua, sol, céu, estrelas, sonhar, voar | D7: 1) Até mesmo as sete ondas E os fogos no céu Sabia o que eu ia pedir pro Papai Noel Era você, eh, eh, iêh, eh, eh, iêh, iêh, iêh [1° de Janeiro — Nilson Neto (2024)] 2) O tempo passa depressa quando estou com você As horas viram minutos, não consigo entender E o que eu mais quero é viver ao seu lado Cada segundo, amor [60 Segundos — Gusttavo Lima (2011)] 3) Percebo que o tempo já não passa Você diz que não tem graça amar assim Foi tudo tão bonito, mas voou pro infinito Parecido com borboletas de um jardim [Borboletas — Victor & Leo (2008)] 4) E quando a chuva não batia na minha janela Não podia dormir, te esperava, buscava Teu corpo, teu cheiro sumiu em um mar de dor [Agora (Ahora) — Bruno & Marrone (2014)] 5) Vamos fazer desse lugar, nosso céu particular Deixa o povo perguntar onde será que a gente tá Vamos fazer desse lugar, nosso céu particular Porque o melhor lugar é onde você está [Céu Particular — Henrique & Juliano (2014)] | E7: 4 | G7: Trecho 4) me remeteu ao rótulo 6, falando de desejo e corpo, mas entendo que o foco são as citações de imagens poéticas da natureza.
A8: 3 | B8: Reconciliação, volta e incerteza afetiva | C8: volta, será, povo, ninguém, outro, será rolar | D8: 1) Não dá mais Não dá pra enganar ou querer fugir Não dá mais Se esse sentimento vai crescendo em mim Mas tenho que encarar essa decisão De me confessar e abrir meu coração [Aqui É o Seu Lugar — Luan Santana (2009)] 2) Mas decidi que assim não dá Que é contigo o meu lugar Me perdoa por favor [Coração Bandido (part. Maiara & Maraisa) — Marília Mendonça (2020)] 3) Eu não sei dizer se este amor Vai voltar a ser o que já foi Não sei se depois que amanhecer Nós vamos saber o que fazer Se vai me julgar mais uma vez Não pergunte coisas que eu não sei Coisas que eu não sei [Já Não Sei Mais Nada (Yo No Se Mañana) — Bruno & Marrone (2011)] 4) Será que vai rolar da gente ficar? Será, será? Eu quero é tentar Será que vai rolar da gente ficar? Será, será? Eu quero é tentar [Será Que Vai Rolar? — Marcos & Belutti (2010)] 5) Melhor não dizer nada Enquanto pensa No que vai fazer da vida Pode ser que você pegue Um caminho sem saída E não tenha outro jeito A não ser voltar pra mim [Pedras — Zezé Di Camargo (2022)] | E8: 5
A9: 4 | B9: Espiritualidade, cuidado e proteção | C9: deus, coloca, senhor, cuidado, pé, chão | D9: 1) Pai, eu sei, o tempo é implacável Afasta os nossos corpos, mas aproxima o coração O seu nome é sempre lembrado Com um verso, eu falo de você sempre na oração [11 Vidas — Lucas Lucco (2014)] 2) De olho aberto ou fechado, eu só vejo você Sua missão no mundo deve ser me proteger Cê é tipo um anjo moderno de roupa e sem asas Que fez desse meu coração, seu céu, sua casa [Anjo Moderno — Jorge & Mateus (2018)] 3) Deus criou pra cada um seu próprio dom Junto com cada talento uma missão Pra uns a força, astúcia, a fama e o poder Pra outros deu a inquietude do saber [Criação Divina (part. Paula Fernandes) — Zezé Di Camargo & Luciano (2012)] 4) Eu vou subir, eu vou subir Quem vai subir, quem vai subir Jesus já vai voltar esse povo vai levar E lá na Glória Santo santo nós vamos cantar [Dependente — Alisson Santos (2019)] 5) Quem vai me acalmar, me suportar E adoçar meus beijos Você que é meu anjo Só você que é meu anjo protetor [Anjo Protetor — Eduardo Costa (2012)] | E9: 5
A10: 5 | B10: Jogos afetivos e disputa amorosa | C10: fora, jogo, jogado, jogando, fogo, lance | D10: 1) Cansei de esperar na janela de casa Me enchi do seu jogo agora vou me virar Não quero mais lágrimas na minha vida [A Fila Andou — Maria Cecília e Rodolfo (2008)] 2) Tô aqui jogado fora Ela não quer mais me ver Vacilei, pisei na bola E ela me deu o fora Tô perdido sem você [Aceita Que Dói Menos (part. Marília Mendonça) — Trio Parada Dura (2017)] 3) Amiga não tô dando fora no seu coração Mas nós estamos misturando amizade e paixão Amizade e paixão [Amiga Linda — João Bosco & Vinícius (2015)] 4) Eu já perdi o jogo, já perdi o norte Sei que no amor também não tô com sorte Tô roendo o toco, tô rindo pra não chorar Essa indiferença, paixão dividida Agora cada um segue a sua vida De hoje em diante é eu pra cá, você pra lá [Castigo — Jorge & Mateus (2007)] 5) Pode brincar Eu te conheço, sei jogar teu jogo Sei que você vai se queimar Sei que não aguenta fogo e vai quebrar a cara Quando me ver escapando entre seus dedos Ou dividindo os meus segredos com outra pessoa Hoje eu acordei gostando mais de mim Vou cair fora numa boa [O Mundo É Tão Pequeno — Jorge & Mateus (2009)] | E10: 4 | G10: trecho 3) me passa mais o rótulo 1, por entender mais tratar de paixão e sofrimento amoroso.
A11: 6 | B11: Comunicação, recaída e recomeço | C11: celular, internet, mensagem, fila anda, lento, fila | D11: 1) Tá me achando com cara de bobo? Por que tá me ligando de novo? Dessa vez eu só tô te atendendo pra dizer Que ontem foi a nossa última vez [Abre o Portão Que Eu Cheguei — Gusttavo Lima (2016)] 2) A tela fria desse celular, só ver sua foto não vai me esquentar Amar você de longe é tão ruim Te quero ao vivo e a cores aqui, aqui [Ao Vivo E A Cores (part. Anitta) — Matheus & Kauan (2018)] 3) Oh, baby, me atende Ai que vontade de tacar meu celular na parede, ai que vontade Oh, baby, me atende Ai que vontade de jogar meu celular na parede [Baby Me Atende (part. Dilsinho) — Matheus Fernandes (2021)] 4) Parece que cê sente cheiro de bebida de longe Sabe que eu tô fraco Aí que entra seu nome na tela do celular Me perguntando: Aonde você tá? [Arranhão — Henrique & Juliano (2021)] 5) Eu vou trocar meu celular num Nokia tijolão Que só manda mensagem e faz ligação Se eu ver mais um vídeo seu, sem eu, sendo feliz Certeza que a minha vida vai tá por um triz Me mata não! Essa internet virou arma na sua mão [Tijolão — Jorge & Mateus (2020)] | E11: 5
A12: 7 | B12: Bar, família e sociabilidade | C12: bar, família, enquanto, virou, sai, homem | D12: 1) Hoje ela frequenta O bar da faculdade Balada sertaneja E os pubs da cidade [A Bela e o Fera — Munhoz & Mariano (2011)] 2) Marca com outro Um barzinho na sexta, um motel no domingo Mas aguenta os déjà-vu comigo Sua vida vai ser isso aí Enquanto não admitir que [DEJA VU (part. Ana Castela) — Luan Santana (2023)] 3) E quem me viu, se visse hoje não acreditaria Deixei o bar, agora é só sorveteria Só eu e ela quem diria Que o cachaceiro virou homem de família [Homem de Família — Gusttavo Lima (2016)] 4) Você achou que eu ia sofrer Mas eu tinha meu plano B Sabe de nada, a minha agenda tava disfarçada Lugar de homem era mulher Restaurante era cabaré Sabe de nada, foi enganada [Vai Vendo — Lucas Lucco (2015)] 5) Por causa de uma falsa amiga Deixou uma boa vida, pra morar no cabaré Passando de mão em mão, se vendendo por tostão Pra ficar com quem quiser [Mulher da Blusa Amarela — Amado Edílson (2009)] | E12: 4 | G12: Achei mais adequado esse rótulo atualizado, mas ainda sinto que o trecho 2) me passa uma vibe mais de jogo afetivo e disputa amorosa (rótulo 5), talvez , acho complexo e estou problematizando pra ter o debate . Estou escrevendo percepções minhas, sem base extra alguma, mas sertanejo me parece difícil de separar certos assuntos, visto que se misturam muito entre situações amorosas.
A13: 8 | B13: Ex-relacionamento, curtição e superação | C13: ex, acabou, ser ex, valorizando, engole, acabou amor | D13: 1) Você se lembra quando me pediu pra ir embora Dizendo que só queria curtir a vida agora Que cansou de namorar Que o negócio era festar [Ai Que Dó — Thaeme e Thiago (2011)] 2) Acabou, acabou, ooh Deixa eu seguir minha vida e segue a sua com outro Amizade com ex é desculpa de quem amou pouco, ooh [Amigo Da Minha Saudade — Henrique & Juliano (2025)] 3) Prazer, eu sou a ex do seu atual Não me leve a mal Cê tá num beco sem saída Ele vai ferrar com a sua vida [Ex do Seu Atual — Naiara Azevedo (2016)] 4) E conta pra ele o que você fez Que uma mulher foda virou sua ex Quis ser o bichão, agora engole calado Outro valorizando o que era pra você ter valorizado [Mulher Foda — Simone Mendes (2024)] 5) Mudei os meus conceitos, me valorizei Saí pra balada, eu me libertei Dei a volta por cima e hoje eu te mostrei Minha nova namorada [Nova Namorada — Marcos & Belutti (2011)] | E13: 5
A14: 9 | B14: Perda, decisão e mudança de vida | C14: perdeu, dar, primeiro gente, saber acontecer, fugida, jeito | D14: 1) Eu me perdi tentando acertar E sem saida comecei andar Por uma selva de perigos Não consegui escapar Eu precisava de uma bússola [A Bússola — Luan Santana (2011)] 2) Tirei o seu perfume da memória Botei ponto final na nossa história Eu já chorei, eu já sofri mas te esqueci Preciso ser feliz [A Fila Andou — Maria Cecília e Rodolfo (2008)] 3) Quando me perdi, você apareceu Me fazendo rir, do que aconteceu E de medo olhei tudo ao meu redor Só assim enxerguei que agora estou melhor [Esperando Na Janela — César Menotti & Fabiano (2005)] 4) E eu já decidi que hoje eu vou sair Sem preocupar eu vou me divertir Já que agora eu não preciso me explicar E com certeza você vai ouvir falar [Lei do Desapego — Thiago Brava (2012)] 5) Não vou poder matar sua saudade mais Meu hoje me impede de voltar atrás Você foi uma fase boa, mas passou Você quer o que eu era, e aquele eu mudou Meus filhos tão dormindo aqui Imagina essa imagem Eu te desejo isso, mas com outro personagem Não me manda mais mensagem [Outro Personagem — Henrique & Juliano (2025)] | E14: 4 | G14: o trecho 2) tive dificuldade de citar onde encaixaria, mas sinto que fica entre 8 (ex relacionamento e superação) e o próprio 9, pois entendo encaixá-lo em "decisão e mudança de vida". Como comentei acima acho alguns rótulos muito próximos, com diferenças sutis.

Sheet Anotador_3
A1: Validação dos macro-tópicos - Anotador 3
A2: Instrução | B2: Para cada macro-tópico, leia o rótulo, as palavras e as 5 estrofes. Preencha apenas as colunas Nota 1-5, Sugestão de rótulo e Comentários. Não discuta suas respostas com outros anotadores antes de finalizar.
A4: Macro_ID | B4: Rótulo proposto | C4: Palavras representativas | D4: Amostras de estrofes | E4: Nota 1-5 | F4: Sugestão de rótulo | G4: Comentários
A5: 0 | B5: Paixão, sofrimento amoroso e término | C5: amo, amar, paixão, tempo, tudo, sei amo | D5: 1) Um amor de verdade não tem despedida Volta pra minha vida Deixa esse medo e venha o que vier Eu não vou desgrudar de você [Volta Pra Minha Vida — Jorge & Mateus (2010)] 2) Eu vou curar essa dor E encontrar um novo amor Em um caminho sem rumo Vou levando a vida Em um caminho sem rumo Vou levando a vida [Vestígios — Jorge & Mateus (2010)] 3) Um dia a gente se encontra E nada de chorar Mesmo sem você eu vou ser feliz Com outra pessoa vai me encontrar Vivendo aquele grande amor Que você nunca quis [Um Dia a Gente Se Encontra (part. João Bosco e Vinicius) — Marcos & Belutti (2011)] 4) Só o silencio ficou entre nós A indiferença calou nossa voz O nosso amor foi ficando esquecido Só a tristeza sorriu pra nós dois A felicidade ficou pra depois Pena que tudo foi tempo perdido [Tempo Perdido — Zezé Di Camargo & Luciano (2006)] 5) Um beijo fala mais que mil palavras Um toque é bem mais que poesia No seu olhar enxergo a sua alma Sua fala é uma linda melodia Ninguém sabe explicar o que é o amor Ninguém vai ser feliz sem ser amado Meu coração de vez se entregou Confesso que eu estou apaixonado [Um Beijo — Luan Santana (2011)] | E5: 4 | G5: As amostras condizem com o rótulo, só não dei 5 porque a última parece não estar tanto no tópico "término", mas se encaixa nos outros.
A6: 1 | B6: Corpo, desejo e afeto | C6: corpo, acordar, dose, sinto, choro, dormir | D6: 1) Os nossos corpos se completam mesmo estando longe Em pensamento eu vou te buscar Dá calafrio, um arrepio ao lembrar seu cheiro Pela porta do quarto entrar [Calafrio — Henrique & Juliano (2014)] 2) E nas curvas do seu corpo Invadir a contramão Dar de frente com seu peito SOS coração [Contramão — Gustavo Mioto (2017)] 3) Tenho, às vezes, que pedir um beijo Controlar os meus desejos Esperar por um abraço Pra curar o meu cansaço E um carinho no meu rosto Nem sei quanto tempo faz [Você Mudou Demais — Marília Mendonça (2025)] 4) Os dez mandamentos do amor Para conquistar uma mulher Tem que ter carinho, tem que ter jeitinho Tem que dar aquilo que ela quer [Os 10 Mandamentos do Amor — Eduardo Costa (2013)] 5) Botei a melhor roupa pra esconder os meus defeitos Exagerei no perfume pra te impressionar Cheguei mais cedo pra te ver chegar [Atrasadinha (part. Ferrugem) — Felipe Araújo (2019)] | E6: 4 | G6: Mesmo comentário de cima, mas aqui acho que a amostra 4 não se encaixa muito no tópico "corpo", apesar de falar em carinho, as outras se encaixam perfeitamente.
A7: 2 | B7: Imagens poéticas de natureza, tempo e céu | C7: lua, sol, céu, estrelas, sonhar, voar | D7: 1) Até mesmo as sete ondas E os fogos no céu Sabia o que eu ia pedir pro Papai Noel Era você, eh, eh, iêh, eh, eh, iêh, iêh, iêh [1° de Janeiro — Nilson Neto (2024)] 2) O tempo passa depressa quando estou com você As horas viram minutos, não consigo entender E o que eu mais quero é viver ao seu lado Cada segundo, amor [60 Segundos — Gusttavo Lima (2011)] 3) Percebo que o tempo já não passa Você diz que não tem graça amar assim Foi tudo tão bonito, mas voou pro infinito Parecido com borboletas de um jardim [Borboletas — Victor & Leo (2008)] 4) E quando a chuva não batia na minha janela Não podia dormir, te esperava, buscava Teu corpo, teu cheiro sumiu em um mar de dor [Agora (Ahora) — Bruno & Marrone (2014)] 5) Vamos fazer desse lugar, nosso céu particular Deixa o povo perguntar onde será que a gente tá Vamos fazer desse lugar, nosso céu particular Porque o melhor lugar é onde você está [Céu Particular — Henrique & Juliano (2014)] | E7: 5 | G7: Acho que todas amostras estão no campo dos rótulos, mas percebi que "tempo" neste rótulo pode ter dois sentidos: cronológico (amostras 2 e 3) e meteorológico (amostra 4).
A8: 3 | B8: Reconciliação, volta e incerteza afetiva | C8: volta, será, povo, ninguém, outro, será rolar | D8: 1) Não dá mais Não dá pra enganar ou querer fugir Não dá mais Se esse sentimento vai crescendo em mim Mas tenho que encarar essa decisão De me confessar e abrir meu coração [Aqui É o Seu Lugar — Luan Santana (2009)] 2) Mas decidi que assim não dá Que é contigo o meu lugar Me perdoa por favor [Coração Bandido (part. Maiara & Maraisa) — Marília Mendonça (2020)] 3) Eu não sei dizer se este amor Vai voltar a ser o que já foi Não sei se depois que amanhecer Nós vamos saber o que fazer Se vai me julgar mais uma vez Não pergunte coisas que eu não sei Coisas que eu não sei [Já Não Sei Mais Nada (Yo No Se Mañana) — Bruno & Marrone (2011)] 4) Será que vai rolar da gente ficar? Será, será? Eu quero é tentar Será que vai rolar da gente ficar? Será, será? Eu quero é tentar [Será Que Vai Rolar? — Marcos & Belutti (2010)] 5) Melhor não dizer nada Enquanto pensa No que vai fazer da vida Pode ser que você pegue Um caminho sem saída E não tenha outro jeito A não ser voltar pra mim [Pedras — Zezé Di Camargo (2022)] | E8: 5 | G8: Perfeito.
A9: 4 | B9: Espiritualidade, cuidado e proteção | C9: deus, coloca, senhor, cuidado, pé, chão | D9: 1) Pai, eu sei, o tempo é implacável Afasta os nossos corpos, mas aproxima o coração O seu nome é sempre lembrado Com um verso, eu falo de você sempre na oração [11 Vidas — Lucas Lucco (2014)] 2) De olho aberto ou fechado, eu só vejo você Sua missão no mundo deve ser me proteger Cê é tipo um anjo moderno de roupa e sem asas Que fez desse meu coração, seu céu, sua casa [Anjo Moderno — Jorge & Mateus (2018)] 3) Deus criou pra cada um seu próprio dom Junto com cada talento uma missão Pra uns a força, astúcia, a fama e o poder Pra outros deu a inquietude do saber [Criação Divina (part. Paula Fernandes) — Zezé Di Camargo & Luciano (2012)] 4) Eu vou subir, eu vou subir Quem vai subir, quem vai subir Jesus já vai voltar esse povo vai levar E lá na Glória Santo santo nós vamos cantar [Dependente — Alisson Santos (2019)] 5) Quem vai me acalmar, me suportar E adoçar meus beijos Você que é meu anjo Só você que é meu anjo protetor [Anjo Protetor — Eduardo Costa (2012)] | E9: 5 | G9: Perfeito.
A10: 5 | B10: Jogos afetivos e disputa amorosa | C10: fora, jogo, jogado, jogando, fogo, lance | D10: 1) Cansei de esperar na janela de casa Me enchi do seu jogo agora vou me virar Não quero mais lágrimas na minha vida [A Fila Andou — Maria Cecília e Rodolfo (2008)] 2) Tô aqui jogado fora Ela não quer mais me ver Vacilei, pisei na bola E ela me deu o fora Tô perdido sem você [Aceita Que Dói Menos (part. Marília Mendonça) — Trio Parada Dura (2017)] 3) Amiga não tô dando fora no seu coração Mas nós estamos misturando amizade e paixão Amizade e paixão [Amiga Linda — João Bosco & Vinícius (2015)] 4) Eu já perdi o jogo, já perdi o norte Sei que no amor também não tô com sorte Tô roendo o toco, tô rindo pra não chorar Essa indiferença, paixão dividida Agora cada um segue a sua vida De hoje em diante é eu pra cá, você pra lá [Castigo — Jorge & Mateus (2007)] 5) Pode brincar Eu te conheço, sei jogar teu jogo Sei que você vai se queimar Sei que não aguenta fogo e vai quebrar a cara Quando me ver escapando entre seus dedos Ou dividindo os meus segredos com outra pessoa Hoje eu acordei gostando mais de mim Vou cair fora numa boa [O Mundo É Tão Pequeno — Jorge & Mateus (2009)] | E10: 3 | G10: Acho que os grupos 0, 3 e 5, apesar de reconhecer que merecem grupos separados, estão muito próximos entre si. Dei 3 por conta disso, das amostras aqui eu acho que a 2 pertence mais ao grupo 0 (término e sofrimento) do que ao 5 (jogos e disputa).
A11: 6 | B11: Comunicação, recaída e recomeço | C11: celular, internet, mensagem, fila anda, lento, fila | D11: 1) Tá me achando com cara de bobo? Por que tá me ligando de novo? Dessa vez eu só tô te atendendo pra dizer Que ontem foi a nossa última vez [Abre o Portão Que Eu Cheguei — Gusttavo Lima (2016)] 2) A tela fria desse celular, só ver sua foto não vai me esquentar Amar você de longe é tão ruim Te quero ao vivo e a cores aqui, aqui [Ao Vivo E A Cores (part. Anitta) — Matheus & Kauan (2018)] 3) Oh, baby, me atende Ai que vontade de tacar meu celular na parede, ai que vontade Oh, baby, me atende Ai que vontade de jogar meu celular na parede [Baby Me Atende (part. Dilsinho) — Matheus Fernandes (2021)] 4) Parece que cê sente cheiro de bebida de longe Sabe que eu tô fraco Aí que entra seu nome na tela do celular Me perguntando: Aonde você tá? [Arranhão — Henrique & Juliano (2021)] 5) Eu vou trocar meu celular num Nokia tijolão Que só manda mensagem e faz ligação Se eu ver mais um vídeo seu, sem eu, sendo feliz Certeza que a minha vida vai tá por um triz Me mata não! Essa internet virou arma na sua mão [Tijolão — Jorge & Mateus (2020)] | E11: 5 | G11: Perfeito.
A12: 7 | B12: Bar, família e sociabilidade | C12: bar, família, enquanto, virou, sai, homem | D12: 1) Hoje ela frequenta O bar da faculdade Balada sertaneja E os pubs da cidade [A Bela e o Fera — Munhoz & Mariano (2011)] 2) Marca com outro Um barzinho na sexta, um motel no domingo Mas aguenta os déjà-vu comigo Sua vida vai ser isso aí Enquanto não admitir que [DEJA VU (part. Ana Castela) — Luan Santana (2023)] 3) E quem me viu, se visse hoje não acreditaria Deixei o bar, agora é só sorveteria Só eu e ela quem diria Que o cachaceiro virou homem de família [Homem de Família — Gusttavo Lima (2016)] 4) Você achou que eu ia sofrer Mas eu tinha meu plano B Sabe de nada, a minha agenda tava disfarçada Lugar de homem era mulher Restaurante era cabaré Sabe de nada, foi enganada [Vai Vendo — Lucas Lucco (2015)] 5) Por causa de uma falsa amiga Deixou uma boa vida, pra morar no cabaré Passando de mão em mão, se vendendo por tostão Pra ficar com quem quiser [Mulher da Blusa Amarela — Amado Edílson (2009)] | E12: 5 | G12: Acho que 5 porque reconheço que todas amostras formam mesmo um grupo, mas não entendi o contexto de "família" neste grupo, seria tipo "família" de amigos?
A13: 8 | B13: Ex-relacionamento, curtição e superação | C13: ex, acabou, ser ex, valorizando, engole, acabou amor | D13: 1) Você se lembra quando me pediu pra ir embora Dizendo que só queria curtir a vida agora Que cansou de namorar Que o negócio era festar [Ai Que Dó — Thaeme e Thiago (2011)] 2) Acabou, acabou, ooh Deixa eu seguir minha vida e segue a sua com outro Amizade com ex é desculpa de quem amou pouco, ooh [Amigo Da Minha Saudade — Henrique & Juliano (2025)] 3) Prazer, eu sou a ex do seu atual Não me leve a mal Cê tá num beco sem saída Ele vai ferrar com a sua vida [Ex do Seu Atual — Naiara Azevedo (2016)] 4) E conta pra ele o que você fez Que uma mulher foda virou sua ex Quis ser o bichão, agora engole calado Outro valorizando o que era pra você ter valorizado [Mulher Foda — Simone Mendes (2024)] 5) Mudei os meus conceitos, me valorizei Saí pra balada, eu me libertei Dei a volta por cima e hoje eu te mostrei Minha nova namorada [Nova Namorada — Marcos & Belutti (2011)] | E13: 5 | G13: Este grupo apesar de ter a ver com término, está distante do 0, 3 e 5 que eu mencionei acima porque eu percebo que fala de "ex" sem a vontade de voltar, já superado.
A14: 9 | B14: Perda, decisão e mudança de vida | C14: perdeu, dar, primeiro gente, saber acontecer, fugida, jeito | D14: 1) Eu me perdi tentando acertar E sem saida comecei andar Por uma selva de perigos Não consegui escapar Eu precisava de uma bússola [A Bússola — Luan Santana (2011)] 2) Tirei o seu perfume da memória Botei ponto final na nossa história Eu já chorei, eu já sofri mas te esqueci Preciso ser feliz [A Fila Andou — Maria Cecília e Rodolfo (2008)] 3) Quando me perdi, você apareceu Me fazendo rir, do que aconteceu E de medo olhei tudo ao meu redor Só assim enxerguei que agora estou melhor [Esperando Na Janela — César Menotti & Fabiano (2005)] 4) E eu já decidi que hoje eu vou sair Sem preocupar eu vou me divertir Já que agora eu não preciso me explicar E com certeza você vai ouvir falar [Lei do Desapego — Thiago Brava (2012)] 5) Não vou poder matar sua saudade mais Meu hoje me impede de voltar atrás Você foi uma fase boa, mas passou Você quer o que eu era, e aquele eu mudou Meus filhos tão dormindo aqui Imagina essa imagem Eu te desejo isso, mas com outro personagem Não me manda mais mensagem [Outro Personagem — Henrique & Juliano (2025)] | E14: 5 | G14: Este grupo é muito parecido com o de cima, mas acho que aqui estão falando mais de resignação, enquanto em cima é superação, passado. Enfim, bem próximos o 8 e o 9.

Sheet Anotador_4
A1: Validação dos macro-tópicos - Anotador 4
A2: Instrução | B2: Para cada macro-tópico, leia o rótulo, as palavras e as 5 estrofes. Preencha apenas as colunas Nota 1-5, Sugestão de rótulo e Comentários. Não discuta suas respostas com outros anotadores antes de finalizar.
A4: Macro_ID | B4: Rótulo proposto | C4: Palavras representativas | D4: Amostras de estrofes | E4: Nota 1-5 | F4: Sugestão de rótulo | G4: Comentários
A5: 0 | B5: Paixão, sofrimento amoroso e término | C5: amo, amar, paixão, tempo, tudo, sei amo | D5: 1) Um amor de verdade não tem despedida Volta pra minha vida Deixa esse medo e venha o que vier Eu não vou desgrudar de você [Volta Pra Minha Vida — Jorge & Mateus (2010)] 2) Eu vou curar essa dor E encontrar um novo amor Em um caminho sem rumo Vou levando a vida Em um caminho sem rumo Vou levando a vida [Vestígios — Jorge & Mateus (2010)] 3) Um dia a gente se encontra E nada de chorar Mesmo sem você eu vou ser feliz Com outra pessoa vai me encontrar Vivendo aquele grande amor Que você nunca quis [Um Dia a Gente Se Encontra (part. João Bosco e Vinicius) — Marcos & Belutti (2011)] 4) Só o silencio ficou entre nós A indiferença calou nossa voz O nosso amor foi ficando esquecido Só a tristeza sorriu pra nós dois A felicidade ficou pra depois Pena que tudo foi tempo perdido [Tempo Perdido — Zezé Di Camargo & Luciano (2006)] 5) Um beijo fala mais que mil palavras Um toque é bem mais que poesia No seu olhar enxergo a sua alma Sua fala é uma linda melodia Ninguém sabe explicar o que é o amor Ninguém vai ser feliz sem ser amado Meu coração de vez se entregou Confesso que eu estou apaixonado [Um Beijo — Luan Santana (2011)] | E5: 5
A6: 1 | B6: Corpo, desejo e afeto | C6: corpo, acordar, dose, sinto, choro, dormir | D6: 1) Os nossos corpos se completam mesmo estando longe Em pensamento eu vou te buscar Dá calafrio, um arrepio ao lembrar seu cheiro Pela porta do quarto entrar [Calafrio — Henrique & Juliano (2014)] 2) E nas curvas do seu corpo Invadir a contramão Dar de frente com seu peito SOS coração [Contramão — Gustavo Mioto (2017)] 3) Tenho, às vezes, que pedir um beijo Controlar os meus desejos Esperar por um abraço Pra curar o meu cansaço E um carinho no meu rosto Nem sei quanto tempo faz [Você Mudou Demais — Marília Mendonça (2025)] 4) Os dez mandamentos do amor Para conquistar uma mulher Tem que ter carinho, tem que ter jeitinho Tem que dar aquilo que ela quer [Os 10 Mandamentos do Amor — Eduardo Costa (2013)] 5) Botei a melhor roupa pra esconder os meus defeitos Exagerei no perfume pra te impressionar Cheguei mais cedo pra te ver chegar [Atrasadinha (part. Ferrugem) — Felipe Araújo (2019)] | E6: 5
A7: 2 | B7: Imagens poéticas de natureza, tempo e céu | C7: lua, sol, céu, estrelas, sonhar, voar | D7: 1) Até mesmo as sete ondas E os fogos no céu Sabia o que eu ia pedir pro Papai Noel Era você, eh, eh, iêh, eh, eh, iêh, iêh, iêh [1° de Janeiro — Nilson Neto (2024)] 2) O tempo passa depressa quando estou com você As horas viram minutos, não consigo entender E o que eu mais quero é viver ao seu lado Cada segundo, amor [60 Segundos — Gusttavo Lima (2011)] 3) Percebo que o tempo já não passa Você diz que não tem graça amar assim Foi tudo tão bonito, mas voou pro infinito Parecido com borboletas de um jardim [Borboletas — Victor & Leo (2008)] 4) E quando a chuva não batia na minha janela Não podia dormir, te esperava, buscava Teu corpo, teu cheiro sumiu em um mar de dor [Agora (Ahora) — Bruno & Marrone (2014)] 5) Vamos fazer desse lugar, nosso céu particular Deixa o povo perguntar onde será que a gente tá Vamos fazer desse lugar, nosso céu particular Porque o melhor lugar é onde você está [Céu Particular — Henrique & Juliano (2014)] | E7: 3
A8: 3 | B8: Reconciliação, volta e incerteza afetiva | C8: volta, será, povo, ninguém, outro, será rolar | D8: 1) Não dá mais Não dá pra enganar ou querer fugir Não dá mais Se esse sentimento vai crescendo em mim Mas tenho que encarar essa decisão De me confessar e abrir meu coração [Aqui É o Seu Lugar — Luan Santana (2009)] 2) Mas decidi que assim não dá Que é contigo o meu lugar Me perdoa por favor [Coração Bandido (part. Maiara & Maraisa) — Marília Mendonça (2020)] 3) Eu não sei dizer se este amor Vai voltar a ser o que já foi Não sei se depois que amanhecer Nós vamos saber o que fazer Se vai me julgar mais uma vez Não pergunte coisas que eu não sei Coisas que eu não sei [Já Não Sei Mais Nada (Yo No Se Mañana) — Bruno & Marrone (2011)] 4) Será que vai rolar da gente ficar? Será, será? Eu quero é tentar Será que vai rolar da gente ficar? Será, será? Eu quero é tentar [Será Que Vai Rolar? — Marcos & Belutti (2010)] 5) Melhor não dizer nada Enquanto pensa No que vai fazer da vida Pode ser que você pegue Um caminho sem saída E não tenha outro jeito A não ser voltar pra mim [Pedras — Zezé Di Camargo (2022)] | E8: 4
A9: 4 | B9: Espiritualidade, cuidado e proteção | C9: deus, coloca, senhor, cuidado, pé, chão | D9: 1) Pai, eu sei, o tempo é implacável Afasta os nossos corpos, mas aproxima o coração O seu nome é sempre lembrado Com um verso, eu falo de você sempre na oração [11 Vidas — Lucas Lucco (2014)] 2) De olho aberto ou fechado, eu só vejo você Sua missão no mundo deve ser me proteger Cê é tipo um anjo moderno de roupa e sem asas Que fez desse meu coração, seu céu, sua casa [Anjo Moderno — Jorge & Mateus (2018)] 3) Deus criou pra cada um seu próprio dom Junto com cada talento uma missão Pra uns a força, astúcia, a fama e o poder Pra outros deu a inquietude do saber [Criação Divina (part. Paula Fernandes) — Zezé Di Camargo & Luciano (2012)] 4) Eu vou subir, eu vou subir Quem vai subir, quem vai subir Jesus já vai voltar esse povo vai levar E lá na Glória Santo santo nós vamos cantar [Dependente — Alisson Santos (2019)] 5) Quem vai me acalmar, me suportar E adoçar meus beijos Você que é meu anjo Só você que é meu anjo protetor [Anjo Protetor — Eduardo Costa (2012)] | E9: 5
A10: 5 | B10: Jogos afetivos e disputa amorosa | C10: fora, jogo, jogado, jogando, fogo, lance | D10: 1) Cansei de esperar na janela de casa Me enchi do seu jogo agora vou me virar Não quero mais lágrimas na minha vida [A Fila Andou — Maria Cecília e Rodolfo (2008)] 2) Tô aqui jogado fora Ela não quer mais me ver Vacilei, pisei na bola E ela me deu o fora Tô perdido sem você [Aceita Que Dói Menos (part. Marília Mendonça) — Trio Parada Dura (2017)] 3) Amiga não tô dando fora no seu coração Mas nós estamos misturando amizade e paixão Amizade e paixão [Amiga Linda — João Bosco & Vinícius (2015)] 4) Eu já perdi o jogo, já perdi o norte Sei que no amor também não tô com sorte Tô roendo o toco, tô rindo pra não chorar Essa indiferença, paixão dividida Agora cada um segue a sua vida De hoje em diante é eu pra cá, você pra lá [Castigo — Jorge & Mateus (2007)] 5) Pode brincar Eu te conheço, sei jogar teu jogo Sei que você vai se queimar Sei que não aguenta fogo e vai quebrar a cara Quando me ver escapando entre seus dedos Ou dividindo os meus segredos com outra pessoa Hoje eu acordei gostando mais de mim Vou cair fora numa boa [O Mundo É Tão Pequeno — Jorge & Mateus (2009)] | E10: 4
A11: 6 | B11: Comunicação, recaída e recomeço | C11: celular, internet, mensagem, fila anda, lento, fila | D11: 1) Tá me achando com cara de bobo? Por que tá me ligando de novo? Dessa vez eu só tô te atendendo pra dizer Que ontem foi a nossa última vez [Abre o Portão Que Eu Cheguei — Gusttavo Lima (2016)] 2) A tela fria desse celular, só ver sua foto não vai me esquentar Amar você de longe é tão ruim Te quero ao vivo e a cores aqui, aqui [Ao Vivo E A Cores (part. Anitta) — Matheus & Kauan (2018)] 3) Oh, baby, me atende Ai que vontade de tacar meu celular na parede, ai que vontade Oh, baby, me atende Ai que vontade de jogar meu celular na parede [Baby Me Atende (part. Dilsinho) — Matheus Fernandes (2021)] 4) Parece que cê sente cheiro de bebida de longe Sabe que eu tô fraco Aí que entra seu nome na tela do celular Me perguntando: Aonde você tá? [Arranhão — Henrique & Juliano (2021)] 5) Eu vou trocar meu celular num Nokia tijolão Que só manda mensagem e faz ligação Se eu ver mais um vídeo seu, sem eu, sendo feliz Certeza que a minha vida vai tá por um triz Me mata não! Essa internet virou arma na sua mão [Tijolão — Jorge & Mateus (2020)] | E11: 4
A12: 7 | B12: Bar, família e sociabilidade | C12: bar, família, enquanto, virou, sai, homem | D12: 1) Hoje ela frequenta O bar da faculdade Balada sertaneja E os pubs da cidade [A Bela e o Fera — Munhoz & Mariano (2011)] 2) Marca com outro Um barzinho na sexta, um motel no domingo Mas aguenta os déjà-vu comigo Sua vida vai ser isso aí Enquanto não admitir que [DEJA VU (part. Ana Castela) — Luan Santana (2023)] 3) E quem me viu, se visse hoje não acreditaria Deixei o bar, agora é só sorveteria Só eu e ela quem diria Que o cachaceiro virou homem de família [Homem de Família — Gusttavo Lima (2016)] 4) Você achou que eu ia sofrer Mas eu tinha meu plano B Sabe de nada, a minha agenda tava disfarçada Lugar de homem era mulher Restaurante era cabaré Sabe de nada, foi enganada [Vai Vendo — Lucas Lucco (2015)] 5) Por causa de uma falsa amiga Deixou uma boa vida, pra morar no cabaré Passando de mão em mão, se vendendo por tostão Pra ficar com quem quiser [Mulher da Blusa Amarela — Amado Edílson (2009)] | E12: 2 | G12: esse parece ser o grupo menos clusterizado, não parece ter tanta proximidade entre os itens.
A13: 8 | B13: Ex-relacionamento, curtição e superação | C13: ex, acabou, ser ex, valorizando, engole, acabou amor | D13: 1) Você se lembra quando me pediu pra ir embora Dizendo que só queria curtir a vida agora Que cansou de namorar Que o negócio era festar [Ai Que Dó — Thaeme e Thiago (2011)] 2) Acabou, acabou, ooh Deixa eu seguir minha vida e segue a sua com outro Amizade com ex é desculpa de quem amou pouco, ooh [Amigo Da Minha Saudade — Henrique & Juliano (2025)] 3) Prazer, eu sou a ex do seu atual Não me leve a mal Cê tá num beco sem saída Ele vai ferrar com a sua vida [Ex do Seu Atual — Naiara Azevedo (2016)] 4) E conta pra ele o que você fez Que uma mulher foda virou sua ex Quis ser o bichão, agora engole calado Outro valorizando o que era pra você ter valorizado [Mulher Foda — Simone Mendes (2024)] 5) Mudei os meus conceitos, me valorizei Saí pra balada, eu me libertei Dei a volta por cima e hoje eu te mostrei Minha nova namorada [Nova Namorada — Marcos & Belutti (2011)] | E13: 5
A14: 9 | B14: Perda, decisão e mudança de vida | C14: perdeu, dar, primeiro gente, saber acontecer, fugida, jeito | D14: 1) Eu me perdi tentando acertar E sem saida comecei andar Por uma selva de perigos Não consegui escapar Eu precisava de uma bússola [A Bússola — Luan Santana (2011)] 2) Tirei o seu perfume da memória Botei ponto final na nossa história Eu já chorei, eu já sofri mas te esqueci Preciso ser feliz [A Fila Andou — Maria Cecília e Rodolfo (2008)] 3) Quando me perdi, você apareceu Me fazendo rir, do que aconteceu E de medo olhei tudo ao meu redor Só assim enxerguei que agora estou melhor [Esperando Na Janela — César Menotti & Fabiano (2005)] 4) E eu já decidi que hoje eu vou sair Sem preocupar eu vou me divertir Já que agora eu não preciso me explicar E com certeza você vai ouvir falar [Lei do Desapego — Thiago Brava (2012)] 5) Não vou poder matar sua saudade mais Meu hoje me impede de voltar atrás Você foi uma fase boa, mas passou Você quer o que eu era, e aquele eu mudou Meus filhos tão dormindo aqui Imagina essa imagem Eu te desejo isso, mas com outro personagem Não me manda mais mensagem [Outro Personagem — Henrique & Juliano (2025)] | E14: 5

Sheet Consolidacao
A1: Macro_ID | B1: Rótulo proposto | C1: Nota A1 | D1: Nota A2 | E1: Nota A3 | F1: Nota A4 | G1: Média | H1: Desvio padrão | I1: Qtd notas >=4 | J1: Status
A2: 0 | B2: Paixão, sofrimento amoroso e término | C2: =Anotador_1!E5 -> 5 | D2: =Anotador_2!E5 -> 5 | E2: =Anotador_3!E5 -> 4 | F2: =Anotador_4!E5 -> 5 | G2: =IF(COUNT(C2:F2)=0,"",AVERAGE(C2:F2)) -> 4.75 | H2: =IF(COUNT(C2:F2)<2,"",_xlfn.STDEV.S(C2:F2)) -> 0.5 | I2: =COUNTIF(C2:F2,">=4") -> 4 | J2: =IF(COUNT(C2:F2)<6,"Pendente",IF(AND(G2>=4,I2>=4),"Validado",IF(G2>=3,"Revisar","Não validado"))) -> Pendente
A3: 1 | B3: Corpo, desejo e afeto | C3: =Anotador_1!E6 -> 5 | D3: =Anotador_2!E6 -> 5 | E3: =Anotador_3!E6 -> 4 | F3: =Anotador_4!E6 -> 5 | G3: =IF(COUNT(C3:F3)=0,"",AVERAGE(C3:F3)) -> 4.75 | H3: =IF(COUNT(C3:F3)<2,"",_xlfn.STDEV.S(C3:F3)) -> 0.5 | I3: =COUNTIF(C3:F3,">=4") -> 4 | J3: =IF(COUNT(C3:F3)<6,"Pendente",IF(AND(G3>=4,I3>=4),"Validado",IF(G3>=3,"Revisar","Não validado"))) -> Pendente
A4: 2 | B4: Imagens poéticas de natureza, tempo e céu | C4: =Anotador_1!E7 -> 4 | D4: =Anotador_2!E7 -> 4 | E4: =Anotador_3!E7 -> 5 | F4: =Anotador_4!E7 -> 3 | G4: =IF(COUNT(C4:F4)=0,"",AVERAGE(C4:F4)) -> 4 | H4: =IF(COUNT(C4:F4)<2,"",_xlfn.STDEV.S(C4:F4)) -> 0.81649658 | I4: =COUNTIF(C4:F4,">=4") -> 3 | J4: =IF(COUNT(C4:F4)<6,"Pendente",IF(AND(G4>=4,I4>=4),"Validado",IF(G4>=3,"Revisar","Não validado"))) -> Pendente
A5: 3 | B5: Reconciliação, volta e incerteza afetiva | C5: =Anotador_1!E8 -> 4 | D5: =Anotador_2!E8 -> 5 | E5: =Anotador_3!E8 -> 5 | F5: =Anotador_4!E8 -> 4 | G5: =IF(COUNT(C5:F5)=0,"",AVERAGE(C5:F5)) -> 4.5 | H5: =IF(COUNT(C5:F5)<2,"",_xlfn.STDEV.S(C5:F5)) -> 0.57735027 | I5: =COUNTIF(C5:F5,">=4") -> 4 | J5: =IF(COUNT(C5:F5)<6,"Pendente",IF(AND(G5>=4,I5>=4),"Validado",IF(G5>=3,"Revisar","Não validado"))) -> Pendente
A6: 4 | B6: Espiritualidade, cuidado e proteção | C6: =Anotador_1!E9 -> 5 | D6: =Anotador_2!E9 -> 5 | E6: =Anotador_3!E9 -> 5 | F6: =Anotador_4!E9 -> 5 | G6: =IF(COUNT(C6:F6)=0,"",AVERAGE(C6:F6)) -> 5 | H6: =IF(COUNT(C6:F6)<2,"",_xlfn.STDEV.S(C6:F6)) -> 0 | I6: =COUNTIF(C6:F6,">=4") -> 4 | J6: =IF(COUNT(C6:F6)<6,"Pendente",IF(AND(G6>=4,I6>=4),"Validado",IF(G6>=3,"Revisar","Não validado"))) -> Pendente
A7: 5 | B7: Jogos afetivos e disputa amorosa | C7: =Anotador_1!E10 -> 5 | D7: =Anotador_2!E10 -> 4 | E7: =Anotador_3!E10 -> 3 | F7: =Anotador_4!E10 -> 4 | G7: =IF(COUNT(C7:F7)=0,"",AVERAGE(C7:F7)) -> 4 | H7: =IF(COUNT(C7:F7)<2,"",_xlfn.STDEV.S(C7:F7)) -> 0.81649658 | I7: =COUNTIF(C7:F7,">=4") -> 3 | J7: =IF(COUNT(C7:F7)<6,"Pendente",IF(AND(G7>=4,I7>=4),"Validado",IF(G7>=3,"Revisar","Não validado"))) -> Pendente
A8: 6 | B8: Comunicação, recaída e recomeço | C8: =Anotador_1!E11 -> 5 | D8: =Anotador_2!E11 -> 5 | E8: =Anotador_3!E11 -> 5 | F8: =Anotador_4!E11 -> 4 | G8: =IF(COUNT(C8:F8)=0,"",AVERAGE(C8:F8)) -> 4.75 | H8: =IF(COUNT(C8:F8)<2,"",_xlfn.STDEV.S(C8:F8)) -> 0.5 | I8: =COUNTIF(C8:F8,">=4") -> 4 | J8: =IF(COUNT(C8:F8)<6,"Pendente",IF(AND(G8>=4,I8>=4),"Validado",IF(G8>=3,"Revisar","Não validado"))) -> Pendente
A9: 7 | B9: Bar, família e sociabilidade | C9: =Anotador_1!E12 -> 5 | D9: =Anotador_2!E12 -> 4 | E9: =Anotador_3!E12 -> 5 | F9: =Anotador_4!E12 -> 2 | G9: =IF(COUNT(C9:F9)=0,"",AVERAGE(C9:F9)) -> 4 | H9: =IF(COUNT(C9:F9)<2,"",_xlfn.STDEV.S(C9:F9)) -> 1.4142136 | I9: =COUNTIF(C9:F9,">=4") -> 3 | J9: =IF(COUNT(C9:F9)<6,"Pendente",IF(AND(G9>=4,I9>=4),"Validado",IF(G9>=3,"Revisar","Não validado"))) -> Pendente
A10: 8 | B10: Ex-relacionamento, curtição e superação | C10: =Anotador_1!E13 -> 5 | D10: =Anotador_2!E13 -> 5 | E10: =Anotador_3!E13 -> 5 | F10: =Anotador_4!E13 -> 5 | G10: =IF(COUNT(C10:F10)=0,"",AVERAGE(C10:F10)) -> 5 | H10: =IF(COUNT(C10:F10)<2,"",_xlfn.STDEV.S(C10:F10)) -> 0 | I10: =COUNTIF(C10:F10,">=4") -> 4 | J10: =IF(COUNT(C10:F10)<6,"Pendente",IF(AND(G10>=4,I10>=4),"Validado",IF(G10>=3,"Revisar","Não validado"))) -> Pendente
A11: 9 | B11: Perda, decisão e mudança de vida | C11: =Anotador_1!E14 -> 5 | D11: =Anotador_2!E14 -> 4 | E11: =Anotador_3!E14 -> 5 | F11: =Anotador_4!E14 -> 5 | G11: =IF(COUNT(C11:F11)=0,"",AVERAGE(C11:F11)) -> 4.75 | H11: =IF(COUNT(C11:F11)<2,"",_xlfn.STDEV.S(C11:F11)) -> 0.5 | I11: =COUNTIF(C11:F11,">=4") -> 4 | J11: =IF(COUNT(C11:F11)<6,"Pendente",IF(AND(G11>=4,I11>=4),"Validado",IF(G11>=3,"Revisar","Não validado"))) -> Pendente
C12: =MEDIAN(C2:C11) -> 5 | D12: =MEDIAN(D2:D11) -> 5 | E12: =MEDIAN(E2:E11) -> 5 | F12: =MEDIAN(F2:F11) -> 4.5
A14: Indicador | B14: Fórmula/valor
A15: Média geral | B15: =IF(COUNT(G2:G11)=0,"",AVERAGE(G2:G11)) -> 4.55
A16: Macro-tópicos validados | B16: =COUNTIF(J2:J11,"Validado") -> 0
A17: Macro-tópicos a revisar | B17: =COUNTIF(J2:J11,"Revisar") -> 0
A18: Macro-tópicos não validados | B18: =COUNTIF(J2:J11,"Não validado") -> 0
A19: Pendentes | B19: =COUNTIF(J2:J11,"Pendente") -> 10
A20: Critério | B20: Validado = média >= 4,0 e pelo menos 4 de 6 notas >= 4
